cluster,locale,email_outreach_url,linkedin_url,whatsapp_url
Multiaxial NCF,en,https://www.myfrphome.com/products/carbon-fiber-multiaxial-ncf-fabric?utm_source=email_outreach&utm_medium=sales&utm_campaign=ncf_2026&utm_content=ncf_en,https://www.myfrphome.com/products/carbon-fiber-multiaxial-ncf-fabric?utm_source=linkedin&utm_medium=sales&utm_campaign=ncf_2026&utm_content=ncf_en,https://www.myfrphome.com/products/carbon-fiber-multiaxial-ncf-fabric?utm_source=whatsapp&utm_medium=sales&utm_campaign=ncf_2026&utm_content=ncf_en
Multiaxial NCF,es,https://www.myfrphome.com/es/products/carbon-fiber-multiaxial-ncf-fabric?utm_source=email_outreach&utm_medium=sales&utm_campaign=ncf_2026&utm_content=ncf_es,https://www.myfrphome.com/es/products/carbon-fiber-multiaxial-ncf-fabric?utm_source=linkedin&utm_medium=sales&utm_campaign=ncf_2026&utm_content=ncf_es,https://www.myfrphome.com/es/products/carbon-fiber-multiaxial-ncf-fabric?utm_source=whatsapp&utm_medium=sales&utm_campaign=ncf_2026&utm_content=ncf_es
Multiaxial NCF,pt-br,https://www.myfrphome.com/pt-br/products/carbon-fiber-multiaxial-ncf-fabric?utm_source=email_outreach&utm_medium=sales&utm_campaign=ncf_2026&utm_content=ncf_ptbr,https://www.myfrphome.com/pt-br/products/carbon-fiber-multiaxial-ncf-fabric?utm_source=linkedin&utm_medium=sales&utm_campaign=ncf_2026&utm_content=ncf_ptbr,https://www.myfrphome.com/pt-br/products/carbon-fiber-multiaxial-ncf-fabric?utm_source=whatsapp&utm_medium=sales&utm_campaign=ncf_2026&utm_content=ncf_ptbr
Multiaxial NCF,ru,https://www.myfrphome.com/ru/products/carbon-fiber-multiaxial-ncf-fabric?utm_source=email_outreach&utm_medium=sales&utm_campaign=ncf_2026&utm_content=ncf_ru,https://www.myfrphome.com/ru/products/carbon-fiber-multiaxial-ncf-fabric?utm_source=linkedin&utm_medium=sales&utm_campaign=ncf_2026&utm_content=ncf_ru,https://www.myfrphome.com/ru/products/carbon-fiber-multiaxial-ncf-fabric?utm_source=whatsapp&utm_medium=sales&utm_campaign=ncf_2026&utm_content=ncf_ru
Multiaxial NCF,ar,https://www.myfrphome.com/ar/products/carbon-fiber-multiaxial-ncf-fabric?utm_source=email_outreach&utm_medium=sales&utm_campaign=ncf_2026&utm_content=ncf_ar,https://www.myfrphome.com/ar/products/carbon-fiber-multiaxial-ncf-fabric?utm_source=linkedin&utm_medium=sales&utm_campaign=ncf_2026&utm_content=ncf_ar,https://www.myfrphome.com/ar/products/carbon-fiber-multiaxial-ncf-fabric?utm_source=whatsapp&utm_medium=sales&utm_campaign=ncf_2026&utm_content=ncf_ar
Multiaxial NCF,fr,https://www.myfrphome.com/fr/products/carbon-fiber-multiaxial-ncf-fabric?utm_source=email_outreach&utm_medium=sales&utm_campaign=ncf_2026&utm_content=ncf_fr,https://www.myfrphome.com/fr/products/carbon-fiber-multiaxial-ncf-fabric?utm_source=linkedin&utm_medium=sales&utm_campaign=ncf_2026&utm_content=ncf_fr,https://www.myfrphome.com/fr/products/carbon-fiber-multiaxial-ncf-fabric?utm_source=whatsapp&utm_medium=sales&utm_campaign=ncf_2026&utm_content=ncf_fr
Multiaxial NCF,ko,https://www.myfrphome.com/ko/products/carbon-fiber-multiaxial-ncf-fabric?utm_source=email_outreach&utm_medium=sales&utm_campaign=ncf_2026&utm_content=ncf_ko,https://www.myfrphome.com/ko/products/carbon-fiber-multiaxial-ncf-fabric?utm_source=linkedin&utm_medium=sales&utm_campaign=ncf_2026&utm_content=ncf_ko,https://www.myfrphome.com/ko/products/carbon-fiber-multiaxial-ncf-fabric?utm_source=whatsapp&utm_medium=sales&utm_campaign=ncf_2026&utm_content=ncf_ko
Multiaxial NCF,pl,https://www.myfrphome.com/pl/products/carbon-fiber-multiaxial-ncf-fabric?utm_source=email_outreach&utm_medium=sales&utm_campaign=ncf_2026&utm_content=ncf_pl,https://www.myfrphome.com/pl/products/carbon-fiber-multiaxial-ncf-fabric?utm_source=linkedin&utm_medium=sales&utm_campaign=ncf_2026&utm_content=ncf_pl,https://www.myfrphome.com/pl/products/carbon-fiber-multiaxial-ncf-fabric?utm_source=whatsapp&utm_medium=sales&utm_campaign=ncf_2026&utm_content=ncf_pl
Multiaxial NCF,tr,https://www.myfrphome.com/tr/products/carbon-fiber-multiaxial-ncf-fabric?utm_source=email_outreach&utm_medium=sales&utm_campaign=ncf_2026&utm_content=ncf_tr,https://www.myfrphome.com/tr/products/carbon-fiber-multiaxial-ncf-fabric?utm_source=linkedin&utm_medium=sales&utm_campaign=ncf_2026&utm_content=ncf_tr,https://www.myfrphome.com/tr/products/carbon-fiber-multiaxial-ncf-fabric?utm_source=whatsapp&utm_medium=sales&utm_campaign=ncf_2026&utm_content=ncf_tr
3K laminate sheet,en,https://www.myfrphome.com/products/3k-carbon-fiber-laminate-sheet?utm_source=email_outreach&utm_medium=sales&utm_campaign=3k_plate_2026&utm_content=3k_plate_en,https://www.myfrphome.com/products/3k-carbon-fiber-laminate-sheet?utm_source=linkedin&utm_medium=sales&utm_campaign=3k_plate_2026&utm_content=3k_plate_en,https://www.myfrphome.com/products/3k-carbon-fiber-laminate-sheet?utm_source=whatsapp&utm_medium=sales&utm_campaign=3k_plate_2026&utm_content=3k_plate_en
3K laminate sheet,es,https://www.myfrphome.com/es/products/3k-carbon-fiber-laminate-sheet?utm_source=email_outreach&utm_medium=sales&utm_campaign=3k_plate_2026&utm_content=3k_plate_es,https://www.myfrphome.com/es/products/3k-carbon-fiber-laminate-sheet?utm_source=linkedin&utm_medium=sales&utm_campaign=3k_plate_2026&utm_content=3k_plate_es,https://www.myfrphome.com/es/products/3k-carbon-fiber-laminate-sheet?utm_source=whatsapp&utm_medium=sales&utm_campaign=3k_plate_2026&utm_content=3k_plate_es
3K laminate sheet,pt-br,https://www.myfrphome.com/pt-br/products/3k-carbon-fiber-laminate-sheet?utm_source=email_outreach&utm_medium=sales&utm_campaign=3k_plate_2026&utm_content=3k_plate_ptbr,https://www.myfrphome.com/pt-br/products/3k-carbon-fiber-laminate-sheet?utm_source=linkedin&utm_medium=sales&utm_campaign=3k_plate_2026&utm_content=3k_plate_ptbr,https://www.myfrphome.com/pt-br/products/3k-carbon-fiber-laminate-sheet?utm_source=whatsapp&utm_medium=sales&utm_campaign=3k_plate_2026&utm_content=3k_plate_ptbr
3K laminate sheet,ru,https://www.myfrphome.com/ru/products/3k-carbon-fiber-laminate-sheet?utm_source=email_outreach&utm_medium=sales&utm_campaign=3k_plate_2026&utm_content=3k_plate_ru,https://www.myfrphome.com/ru/products/3k-carbon-fiber-laminate-sheet?utm_source=linkedin&utm_medium=sales&utm_campaign=3k_plate_2026&utm_content=3k_plate_ru,https://www.myfrphome.com/ru/products/3k-carbon-fiber-laminate-sheet?utm_source=whatsapp&utm_medium=sales&utm_campaign=3k_plate_2026&utm_content=3k_plate_ru
3K laminate sheet,ar,https://www.myfrphome.com/ar/products/3k-carbon-fiber-laminate-sheet?utm_source=email_outreach&utm_medium=sales&utm_campaign=3k_plate_2026&utm_content=3k_plate_ar,https://www.myfrphome.com/ar/products/3k-carbon-fiber-laminate-sheet?utm_source=linkedin&utm_medium=sales&utm_campaign=3k_plate_2026&utm_content=3k_plate_ar,https://www.myfrphome.com/ar/products/3k-carbon-fiber-laminate-sheet?utm_source=whatsapp&utm_medium=sales&utm_campaign=3k_plate_2026&utm_content=3k_plate_ar
3K laminate sheet,fr,https://www.myfrphome.com/fr/products/3k-carbon-fiber-laminate-sheet?utm_source=email_outreach&utm_medium=sales&utm_campaign=3k_plate_2026&utm_content=3k_plate_fr,https://www.myfrphome.com/fr/products/3k-carbon-fiber-laminate-sheet?utm_source=linkedin&utm_medium=sales&utm_campaign=3k_plate_2026&utm_content=3k_plate_fr,https://www.myfrphome.com/fr/products/3k-carbon-fiber-laminate-sheet?utm_source=whatsapp&utm_medium=sales&utm_campaign=3k_plate_2026&utm_content=3k_plate_fr
3K laminate sheet,ko,https://www.myfrphome.com/ko/products/3k-carbon-fiber-laminate-sheet?utm_source=email_outreach&utm_medium=sales&utm_campaign=3k_plate_2026&utm_content=3k_plate_ko,https://www.myfrphome.com/ko/products/3k-carbon-fiber-laminate-sheet?utm_source=linkedin&utm_medium=sales&utm_campaign=3k_plate_2026&utm_content=3k_plate_ko,https://www.myfrphome.com/ko/products/3k-carbon-fiber-laminate-sheet?utm_source=whatsapp&utm_medium=sales&utm_campaign=3k_plate_2026&utm_content=3k_plate_ko
3K laminate sheet,pl,https://www.myfrphome.com/pl/products/3k-carbon-fiber-laminate-sheet?utm_source=email_outreach&utm_medium=sales&utm_campaign=3k_plate_2026&utm_content=3k_plate_pl,https://www.myfrphome.com/pl/products/3k-carbon-fiber-laminate-sheet?utm_source=linkedin&utm_medium=sales&utm_campaign=3k_plate_2026&utm_content=3k_plate_pl,https://www.myfrphome.com/pl/products/3k-carbon-fiber-laminate-sheet?utm_source=whatsapp&utm_medium=sales&utm_campaign=3k_plate_2026&utm_content=3k_plate_pl
3K laminate sheet,tr,https://www.myfrphome.com/tr/products/3k-carbon-fiber-laminate-sheet?utm_source=email_outreach&utm_medium=sales&utm_campaign=3k_plate_2026&utm_content=3k_plate_tr,https://www.myfrphome.com/tr/products/3k-carbon-fiber-laminate-sheet?utm_source=linkedin&utm_medium=sales&utm_campaign=3k_plate_2026&utm_content=3k_plate_tr,https://www.myfrphome.com/tr/products/3k-carbon-fiber-laminate-sheet?utm_source=whatsapp&utm_medium=sales&utm_campaign=3k_plate_2026&utm_content=3k_plate_tr
Yarn and tow,en,https://www.myfrphome.com/products/carbon-fiber-yarn-and-tow?utm_source=email_outreach&utm_medium=sales&utm_campaign=yarn_tow_2026&utm_content=yarn_tow_en,https://www.myfrphome.com/products/carbon-fiber-yarn-and-tow?utm_source=linkedin&utm_medium=sales&utm_campaign=yarn_tow_2026&utm_content=yarn_tow_en,https://www.myfrphome.com/products/carbon-fiber-yarn-and-tow?utm_source=whatsapp&utm_medium=sales&utm_campaign=yarn_tow_2026&utm_content=yarn_tow_en
Yarn and tow,es,https://www.myfrphome.com/es/products/carbon-fiber-yarn-and-tow?utm_source=email_outreach&utm_medium=sales&utm_campaign=yarn_tow_2026&utm_content=yarn_tow_es,https://www.myfrphome.com/es/products/carbon-fiber-yarn-and-tow?utm_source=linkedin&utm_medium=sales&utm_campaign=yarn_tow_2026&utm_content=yarn_tow_es,https://www.myfrphome.com/es/products/carbon-fiber-yarn-and-tow?utm_source=whatsapp&utm_medium=sales&utm_campaign=yarn_tow_2026&utm_content=yarn_tow_es
Yarn and tow,pt-br,https://www.myfrphome.com/pt-br/products/carbon-fiber-yarn-and-tow?utm_source=email_outreach&utm_medium=sales&utm_campaign=yarn_tow_2026&utm_content=yarn_tow_ptbr,https://www.myfrphome.com/pt-br/products/carbon-fiber-yarn-and-tow?utm_source=linkedin&utm_medium=sales&utm_campaign=yarn_tow_2026&utm_content=yarn_tow_ptbr,https://www.myfrphome.com/pt-br/products/carbon-fiber-yarn-and-tow?utm_source=whatsapp&utm_medium=sales&utm_campaign=yarn_tow_2026&utm_content=yarn_tow_ptbr
Yarn and tow,ru,https://www.myfrphome.com/ru/products/carbon-fiber-yarn-and-tow?utm_source=email_outreach&utm_medium=sales&utm_campaign=yarn_tow_2026&utm_content=yarn_tow_ru,https://www.myfrphome.com/ru/products/carbon-fiber-yarn-and-tow?utm_source=linkedin&utm_medium=sales&utm_campaign=yarn_tow_2026&utm_content=yarn_tow_ru,https://www.myfrphome.com/ru/products/carbon-fiber-yarn-and-tow?utm_source=whatsapp&utm_medium=sales&utm_campaign=yarn_tow_2026&utm_content=yarn_tow_ru
Yarn and tow,ar,https://www.myfrphome.com/ar/products/carbon-fiber-yarn-and-tow?utm_source=email_outreach&utm_medium=sales&utm_campaign=yarn_tow_2026&utm_content=yarn_tow_ar,https://www.myfrphome.com/ar/products/carbon-fiber-yarn-and-tow?utm_source=linkedin&utm_medium=sales&utm_campaign=yarn_tow_2026&utm_content=yarn_tow_ar,https://www.myfrphome.com/ar/products/carbon-fiber-yarn-and-tow?utm_source=whatsapp&utm_medium=sales&utm_campaign=yarn_tow_2026&utm_content=yarn_tow_ar
Yarn and tow,fr,https://www.myfrphome.com/fr/products/carbon-fiber-yarn-and-tow?utm_source=email_outreach&utm_medium=sales&utm_campaign=yarn_tow_2026&utm_content=yarn_tow_fr,https://www.myfrphome.com/fr/products/carbon-fiber-yarn-and-tow?utm_source=linkedin&utm_medium=sales&utm_campaign=yarn_tow_2026&utm_content=yarn_tow_fr,https://www.myfrphome.com/fr/products/carbon-fiber-yarn-and-tow?utm_source=whatsapp&utm_medium=sales&utm_campaign=yarn_tow_2026&utm_content=yarn_tow_fr
Yarn and tow,ko,https://www.myfrphome.com/ko/products/carbon-fiber-yarn-and-tow?utm_source=email_outreach&utm_medium=sales&utm_campaign=yarn_tow_2026&utm_content=yarn_tow_ko,https://www.myfrphome.com/ko/products/carbon-fiber-yarn-and-tow?utm_source=linkedin&utm_medium=sales&utm_campaign=yarn_tow_2026&utm_content=yarn_tow_ko,https://www.myfrphome.com/ko/products/carbon-fiber-yarn-and-tow?utm_source=whatsapp&utm_medium=sales&utm_campaign=yarn_tow_2026&utm_content=yarn_tow_ko
Yarn and tow,pl,https://www.myfrphome.com/pl/products/carbon-fiber-yarn-and-tow?utm_source=email_outreach&utm_medium=sales&utm_campaign=yarn_tow_2026&utm_content=yarn_tow_pl,https://www.myfrphome.com/pl/products/carbon-fiber-yarn-and-tow?utm_source=linkedin&utm_medium=sales&utm_campaign=yarn_tow_2026&utm_content=yarn_tow_pl,https://www.myfrphome.com/pl/products/carbon-fiber-yarn-and-tow?utm_source=whatsapp&utm_medium=sales&utm_campaign=yarn_tow_2026&utm_content=yarn_tow_pl
Yarn and tow,tr,https://www.myfrphome.com/tr/products/carbon-fiber-yarn-and-tow?utm_source=email_outreach&utm_medium=sales&utm_campaign=yarn_tow_2026&utm_content=yarn_tow_tr,https://www.myfrphome.com/tr/products/carbon-fiber-yarn-and-tow?utm_source=linkedin&utm_medium=sales&utm_campaign=yarn_tow_2026&utm_content=yarn_tow_tr,https://www.myfrphome.com/tr/products/carbon-fiber-yarn-and-tow?utm_source=whatsapp&utm_medium=sales&utm_campaign=yarn_tow_2026&utm_content=yarn_tow_tr
Strengthening UD fabric,en,https://www.myfrphome.com/products/carbon-fiber-ud-fabric?utm_source=email_outreach&utm_medium=sales&utm_campaign=strengthening_2026&utm_content=strengthening_ud_en,https://www.myfrphome.com/products/carbon-fiber-ud-fabric?utm_source=linkedin&utm_medium=sales&utm_campaign=strengthening_2026&utm_content=strengthening_ud_en,https://www.myfrphome.com/products/carbon-fiber-ud-fabric?utm_source=whatsapp&utm_medium=sales&utm_campaign=strengthening_2026&utm_content=strengthening_ud_en
Strengthening UD fabric,es,https://www.myfrphome.com/es/products/carbon-fiber-ud-fabric?utm_source=email_outreach&utm_medium=sales&utm_campaign=strengthening_2026&utm_content=strengthening_ud_es,https://www.myfrphome.com/es/products/carbon-fiber-ud-fabric?utm_source=linkedin&utm_medium=sales&utm_campaign=strengthening_2026&utm_content=strengthening_ud_es,https://www.myfrphome.com/es/products/carbon-fiber-ud-fabric?utm_source=whatsapp&utm_medium=sales&utm_campaign=strengthening_2026&utm_content=strengthening_ud_es
Strengthening UD fabric,pt-br,https://www.myfrphome.com/pt-br/products/carbon-fiber-ud-fabric?utm_source=email_outreach&utm_medium=sales&utm_campaign=strengthening_2026&utm_content=strengthening_ud_ptbr,https://www.myfrphome.com/pt-br/products/carbon-fiber-ud-fabric?utm_source=linkedin&utm_medium=sales&utm_campaign=strengthening_2026&utm_content=strengthening_ud_ptbr,https://www.myfrphome.com/pt-br/products/carbon-fiber-ud-fabric?utm_source=whatsapp&utm_medium=sales&utm_campaign=strengthening_2026&utm_content=strengthening_ud_ptbr
Strengthening UD fabric,ru,https://www.myfrphome.com/ru/products/carbon-fiber-ud-fabric?utm_source=email_outreach&utm_medium=sales&utm_campaign=strengthening_2026&utm_content=strengthening_ud_ru,https://www.myfrphome.com/ru/products/carbon-fiber-ud-fabric?utm_source=linkedin&utm_medium=sales&utm_campaign=strengthening_2026&utm_content=strengthening_ud_ru,https://www.myfrphome.com/ru/products/carbon-fiber-ud-fabric?utm_source=whatsapp&utm_medium=sales&utm_campaign=strengthening_2026&utm_content=strengthening_ud_ru
Strengthening UD fabric,ar,https://www.myfrphome.com/ar/products/carbon-fiber-ud-fabric?utm_source=email_outreach&utm_medium=sales&utm_campaign=strengthening_2026&utm_content=strengthening_ud_ar,https://www.myfrphome.com/ar/products/carbon-fiber-ud-fabric?utm_source=linkedin&utm_medium=sales&utm_campaign=strengthening_2026&utm_content=strengthening_ud_ar,https://www.myfrphome.com/ar/products/carbon-fiber-ud-fabric?utm_source=whatsapp&utm_medium=sales&utm_campaign=strengthening_2026&utm_content=strengthening_ud_ar
Strengthening UD fabric,fr,https://www.myfrphome.com/fr/products/carbon-fiber-ud-fabric?utm_source=email_outreach&utm_medium=sales&utm_campaign=strengthening_2026&utm_content=strengthening_ud_fr,https://www.myfrphome.com/fr/products/carbon-fiber-ud-fabric?utm_source=linkedin&utm_medium=sales&utm_campaign=strengthening_2026&utm_content=strengthening_ud_fr,https://www.myfrphome.com/fr/products/carbon-fiber-ud-fabric?utm_source=whatsapp&utm_medium=sales&utm_campaign=strengthening_2026&utm_content=strengthening_ud_fr
Strengthening UD fabric,ko,https://www.myfrphome.com/ko/products/carbon-fiber-ud-fabric?utm_source=email_outreach&utm_medium=sales&utm_campaign=strengthening_2026&utm_content=strengthening_ud_ko,https://www.myfrphome.com/ko/products/carbon-fiber-ud-fabric?utm_source=linkedin&utm_medium=sales&utm_campaign=strengthening_2026&utm_content=strengthening_ud_ko,https://www.myfrphome.com/ko/products/carbon-fiber-ud-fabric?utm_source=whatsapp&utm_medium=sales&utm_campaign=strengthening_2026&utm_content=strengthening_ud_ko
Strengthening UD fabric,pl,https://www.myfrphome.com/pl/products/carbon-fiber-ud-fabric?utm_source=email_outreach&utm_medium=sales&utm_campaign=strengthening_2026&utm_content=strengthening_ud_pl,https://www.myfrphome.com/pl/products/carbon-fiber-ud-fabric?utm_source=linkedin&utm_medium=sales&utm_campaign=strengthening_2026&utm_content=strengthening_ud_pl,https://www.myfrphome.com/pl/products/carbon-fiber-ud-fabric?utm_source=whatsapp&utm_medium=sales&utm_campaign=strengthening_2026&utm_content=strengthening_ud_pl
Strengthening UD fabric,tr,https://www.myfrphome.com/tr/products/carbon-fiber-ud-fabric?utm_source=email_outreach&utm_medium=sales&utm_campaign=strengthening_2026&utm_content=strengthening_ud_tr,https://www.myfrphome.com/tr/products/carbon-fiber-ud-fabric?utm_source=linkedin&utm_medium=sales&utm_campaign=strengthening_2026&utm_content=strengthening_ud_tr,https://www.myfrphome.com/tr/products/carbon-fiber-ud-fabric?utm_source=whatsapp&utm_medium=sales&utm_campaign=strengthening_2026&utm_content=strengthening_ud_tr
Strengthening system and pultruded plate,en,https://www.myfrphome.com/products/structural-strengthening-system?utm_source=email_outreach&utm_medium=sales&utm_campaign=strengthening_2026&utm_content=strengthening_system_en,https://www.myfrphome.com/products/structural-strengthening-system?utm_source=linkedin&utm_medium=sales&utm_campaign=strengthening_2026&utm_content=strengthening_system_en,https://www.myfrphome.com/products/structural-strengthening-system?utm_source=whatsapp&utm_medium=sales&utm_campaign=strengthening_2026&utm_content=strengthening_system_en
Strengthening system and pultruded plate,es,https://www.myfrphome.com/es/products/structural-strengthening-system?utm_source=email_outreach&utm_medium=sales&utm_campaign=strengthening_2026&utm_content=strengthening_system_es,https://www.myfrphome.com/es/products/structural-strengthening-system?utm_source=linkedin&utm_medium=sales&utm_campaign=strengthening_2026&utm_content=strengthening_system_es,https://www.myfrphome.com/es/products/structural-strengthening-system?utm_source=whatsapp&utm_medium=sales&utm_campaign=strengthening_2026&utm_content=strengthening_system_es
Strengthening system and pultruded plate,pt-br,https://www.myfrphome.com/pt-br/products/structural-strengthening-system?utm_source=email_outreach&utm_medium=sales&utm_campaign=strengthening_2026&utm_content=strengthening_system_ptbr,https://www.myfrphome.com/pt-br/products/structural-strengthening-system?utm_source=linkedin&utm_medium=sales&utm_campaign=strengthening_2026&utm_content=strengthening_system_ptbr,https://www.myfrphome.com/pt-br/products/structural-strengthening-system?utm_source=whatsapp&utm_medium=sales&utm_campaign=strengthening_2026&utm_content=strengthening_system_ptbr
Strengthening system and pultruded plate,ru,https://www.myfrphome.com/ru/products/structural-strengthening-system?utm_source=email_outreach&utm_medium=sales&utm_campaign=strengthening_2026&utm_content=strengthening_system_ru,https://www.myfrphome.com/ru/products/structural-strengthening-system?utm_source=linkedin&utm_medium=sales&utm_campaign=strengthening_2026&utm_content=strengthening_system_ru,https://www.myfrphome.com/ru/products/structural-strengthening-system?utm_source=whatsapp&utm_medium=sales&utm_campaign=strengthening_2026&utm_content=strengthening_system_ru
Strengthening system and pultruded plate,ar,https://www.myfrphome.com/ar/products/structural-strengthening-system?utm_source=email_outreach&utm_medium=sales&utm_campaign=strengthening_2026&utm_content=strengthening_system_ar,https://www.myfrphome.com/ar/products/structural-strengthening-system?utm_source=linkedin&utm_medium=sales&utm_campaign=strengthening_2026&utm_content=strengthening_system_ar,https://www.myfrphome.com/ar/products/structural-strengthening-system?utm_source=whatsapp&utm_medium=sales&utm_campaign=strengthening_2026&utm_content=strengthening_system_ar
Strengthening system and pultruded plate,fr,https://www.myfrphome.com/fr/products/structural-strengthening-system?utm_source=email_outreach&utm_medium=sales&utm_campaign=strengthening_2026&utm_content=strengthening_system_fr,https://www.myfrphome.com/fr/products/structural-strengthening-system?utm_source=linkedin&utm_medium=sales&utm_campaign=strengthening_2026&utm_content=strengthening_system_fr,https://www.myfrphome.com/fr/products/structural-strengthening-system?utm_source=whatsapp&utm_medium=sales&utm_campaign=strengthening_2026&utm_content=strengthening_system_fr
Strengthening system and pultruded plate,ko,https://www.myfrphome.com/ko/products/structural-strengthening-system?utm_source=email_outreach&utm_medium=sales&utm_campaign=strengthening_2026&utm_content=strengthening_system_ko,https://www.myfrphome.com/ko/products/structural-strengthening-system?utm_source=linkedin&utm_medium=sales&utm_campaign=strengthening_2026&utm_content=strengthening_system_ko,https://www.myfrphome.com/ko/products/structural-strengthening-system?utm_source=whatsapp&utm_medium=sales&utm_campaign=strengthening_2026&utm_content=strengthening_system_ko
Strengthening system and pultruded plate,pl,https://www.myfrphome.com/pl/products/structural-strengthening-system?utm_source=email_outreach&utm_medium=sales&utm_campaign=strengthening_2026&utm_content=strengthening_system_pl,https://www.myfrphome.com/pl/products/structural-strengthening-system?utm_source=linkedin&utm_medium=sales&utm_campaign=strengthening_2026&utm_content=strengthening_system_pl,https://www.myfrphome.com/pl/products/structural-strengthening-system?utm_source=whatsapp&utm_medium=sales&utm_campaign=strengthening_2026&utm_content=strengthening_system_pl
Strengthening system and pultruded plate,tr,https://www.myfrphome.com/tr/products/structural-strengthening-system?utm_source=email_outreach&utm_medium=sales&utm_campaign=strengthening_2026&utm_content=strengthening_system_tr,https://www.myfrphome.com/tr/products/structural-strengthening-system?utm_source=linkedin&utm_medium=sales&utm_campaign=strengthening_2026&utm_content=strengthening_system_tr,https://www.myfrphome.com/tr/products/structural-strengthening-system?utm_source=whatsapp&utm_medium=sales&utm_campaign=strengthening_2026&utm_content=strengthening_system_tr
3K woven fabric,en,https://www.myfrphome.com/products/carbon-fiber-woven-fabric?utm_source=email_outreach&utm_medium=sales&utm_campaign=3k_woven_2026&utm_content=3k_woven_en,https://www.myfrphome.com/products/carbon-fiber-woven-fabric?utm_source=linkedin&utm_medium=sales&utm_campaign=3k_woven_2026&utm_content=3k_woven_en,https://www.myfrphome.com/products/carbon-fiber-woven-fabric?utm_source=whatsapp&utm_medium=sales&utm_campaign=3k_woven_2026&utm_content=3k_woven_en
3K woven fabric,es,https://www.myfrphome.com/es/products/carbon-fiber-woven-fabric?utm_source=email_outreach&utm_medium=sales&utm_campaign=3k_woven_2026&utm_content=3k_woven_es,https://www.myfrphome.com/es/products/carbon-fiber-woven-fabric?utm_source=linkedin&utm_medium=sales&utm_campaign=3k_woven_2026&utm_content=3k_woven_es,https://www.myfrphome.com/es/products/carbon-fiber-woven-fabric?utm_source=whatsapp&utm_medium=sales&utm_campaign=3k_woven_2026&utm_content=3k_woven_es
3K woven fabric,pt-br,https://www.myfrphome.com/pt-br/products/carbon-fiber-woven-fabric?utm_source=email_outreach&utm_medium=sales&utm_campaign=3k_woven_2026&utm_content=3k_woven_ptbr,https://www.myfrphome.com/pt-br/products/carbon-fiber-woven-fabric?utm_source=linkedin&utm_medium=sales&utm_campaign=3k_woven_2026&utm_content=3k_woven_ptbr,https://www.myfrphome.com/pt-br/products/carbon-fiber-woven-fabric?utm_source=whatsapp&utm_medium=sales&utm_campaign=3k_woven_2026&utm_content=3k_woven_ptbr
3K woven fabric,ru,https://www.myfrphome.com/ru/products/carbon-fiber-woven-fabric?utm_source=email_outreach&utm_medium=sales&utm_campaign=3k_woven_2026&utm_content=3k_woven_ru,https://www.myfrphome.com/ru/products/carbon-fiber-woven-fabric?utm_source=linkedin&utm_medium=sales&utm_campaign=3k_woven_2026&utm_content=3k_woven_ru,https://www.myfrphome.com/ru/products/carbon-fiber-woven-fabric?utm_source=whatsapp&utm_medium=sales&utm_campaign=3k_woven_2026&utm_content=3k_woven_ru
3K woven fabric,ar,https://www.myfrphome.com/ar/products/carbon-fiber-woven-fabric?utm_source=email_outreach&utm_medium=sales&utm_campaign=3k_woven_2026&utm_content=3k_woven_ar,https://www.myfrphome.com/ar/products/carbon-fiber-woven-fabric?utm_source=linkedin&utm_medium=sales&utm_campaign=3k_woven_2026&utm_content=3k_woven_ar,https://www.myfrphome.com/ar/products/carbon-fiber-woven-fabric?utm_source=whatsapp&utm_medium=sales&utm_campaign=3k_woven_2026&utm_content=3k_woven_ar
3K woven fabric,fr,https://www.myfrphome.com/fr/products/carbon-fiber-woven-fabric?utm_source=email_outreach&utm_medium=sales&utm_campaign=3k_woven_2026&utm_content=3k_woven_fr,https://www.myfrphome.com/fr/products/carbon-fiber-woven-fabric?utm_source=linkedin&utm_medium=sales&utm_campaign=3k_woven_2026&utm_content=3k_woven_fr,https://www.myfrphome.com/fr/products/carbon-fiber-woven-fabric?utm_source=whatsapp&utm_medium=sales&utm_campaign=3k_woven_2026&utm_content=3k_woven_fr
3K woven fabric,ko,https://www.myfrphome.com/ko/products/carbon-fiber-woven-fabric?utm_source=email_outreach&utm_medium=sales&utm_campaign=3k_woven_2026&utm_content=3k_woven_ko,https://www.myfrphome.com/ko/products/carbon-fiber-woven-fabric?utm_source=linkedin&utm_medium=sales&utm_campaign=3k_woven_2026&utm_content=3k_woven_ko,https://www.myfrphome.com/ko/products/carbon-fiber-woven-fabric?utm_source=whatsapp&utm_medium=sales&utm_campaign=3k_woven_2026&utm_content=3k_woven_ko
3K woven fabric,pl,https://www.myfrphome.com/pl/products/carbon-fiber-woven-fabric?utm_source=email_outreach&utm_medium=sales&utm_campaign=3k_woven_2026&utm_content=3k_woven_pl,https://www.myfrphome.com/pl/products/carbon-fiber-woven-fabric?utm_source=linkedin&utm_medium=sales&utm_campaign=3k_woven_2026&utm_content=3k_woven_pl,https://www.myfrphome.com/pl/products/carbon-fiber-woven-fabric?utm_source=whatsapp&utm_medium=sales&utm_campaign=3k_woven_2026&utm_content=3k_woven_pl
3K woven fabric,tr,https://www.myfrphome.com/tr/products/carbon-fiber-woven-fabric?utm_source=email_outreach&utm_medium=sales&utm_campaign=3k_woven_2026&utm_content=3k_woven_tr,https://www.myfrphome.com/tr/products/carbon-fiber-woven-fabric?utm_source=linkedin&utm_medium=sales&utm_campaign=3k_woven_2026&utm_content=3k_woven_tr,https://www.myfrphome.com/tr/products/carbon-fiber-woven-fabric?utm_source=whatsapp&utm_medium=sales&utm_campaign=3k_woven_2026&utm_content=3k_woven_tr
