record_id,cluster,organization,domain,country,opportunity_type,contact_url,email,utm_campaign,target_url,review_status,compliance_review,outreach_date,followup_date,response_status,live_url,notes
1,All,JEC Group,jeccomposites.com,France,Industry directory,https://www.jeccomposites.com/directory/,,five_core_authority_2026,/products,Research complete,Not required,,,,,Investigate legitimate company directory profile; no automated submission
2,All,JEC Group,jeccomposites.com,France,Industry media/contact,https://www.jeccomposites.com/contact/,,five_core_authority_2026,/technical-center,Research complete,Not required,,,,,Ask about materials supplier profile or source-backed editorial opportunity
3,All,Composites UK,compositesuk.co.uk,United Kingdom,Trade association membership,https://compositesuk.co.uk/membership/,membership@compositesuk.co.uk,five_core_authority_2026,/products,Research complete,Not required,,,,,Evaluate eligibility cost and Materials Suppliers subgroup before applying
4,All,Composites in Manufacturing,composites.media,United Kingdom,Editorial publication,https://compositesuk.co.uk/industry-support/media/,Editorial@composites-manufacturing.com,five_core_authority_2026,/technical-center,Research complete,Not required,,,,,Pitch a useful technical selection topic; do not request paid link placement
5,All,Materials & Manufacturing Technologies,mmt-online.co.uk,United Kingdom,Industry publication,https://compositesuk.co.uk/industry-support/media/,,five_core_authority_2026,/technical-center,Research complete,Not required,,,,,Investigate application-led materials editorial or supplier profile
6,Woven / NCF,CarboCarbo,carbocarbo.ru,Russia,Potential distributor,https://carbocarbo.ru/company/,info@carbocarbo.ru,ncf_2026,/products/carbon-fiber-multiaxial-ncf-fabric,Needs business review,Required before contact,,,,,Civil composite-material distribution research only; verify counterparty destination and end use
7,NCF / Tow,Composite Group Russia,composite.ru,Russia,Potential distributor,https://composite.ru/en/composite_group_contact/,spb@composite.ru,ncf_2026,/products/carbon-fiber-multiaxial-ncf-fabric,Needs business review,Required before contact,,,,,Distribution fit research only; verify counterparty destination end use and applicable trade controls
8,Tow / Woven,Uvicom,uvicom.com,Russia,Potential technical partner,https://www.uvicom.com/,uvicom@inbox.ru,yarn_tow_2026,/products/carbon-fiber-yarn-and-tow,Needs business review,Required before contact,,,,,Technical market-fit research only; do not contact before compliance approval
9,Strengthening,Nanotechnology Center of Composites,nccrussia.com,Russia,Market reference,https://www.nccrussia.com/en/about.html,info@nccrussia.com,strengthening_2026,/products/structural-strengthening-system,Reference only,Required before contact,,,,,Directly overlapping strengthening positioning; monitor market content rather than solicit backlink
