priority_product,query_or_topic,intent,target_url,supporting_url,evidence_status,next_action
Multiaxial NCF,ncf carbon fiber fabrics,commercial,/products/carbon-fiber-multiaxial-ncf-fabric,/technical-center/biaxial-vs-triaxial-vs-quadriaxial-carbon-ncf,GSC 18 impressions,Monitor stable page and strengthen authority references
Multiaxial NCF,multiaxial carbon fiber fabrics,commercial,/products/carbon-fiber-multiaxial-ncf-fabric,/technical-center/biaxial-vs-triaxial-vs-quadriaxial-carbon-ncf,GSC 6 impressions,Keep current architecture terminology
Multiaxial NCF,300gsm biaxial carbon fabric,transactional,/products/carbon-fiber-multiaxial-ncf-fabric,/technical-center/300gsm-vs-600gsm-biaxial-carbon-ncf,verified TDS,Promote product page and verified document
Multiaxial NCF,600gsm biaxial carbon fabric,transactional,/products/carbon-fiber-multiaxial-ncf-fabric,/technical-center/300gsm-vs-600gsm-biaxial-carbon-ncf,verified TDS,Promote product page and verified document
Multiaxial NCF,+45/-45 carbon NCF,technical-commercial,/products/carbon-fiber-multiaxial-ncf-fabric,/technical-center/carbon-fiber-multiaxial-ncf-rfq-checklist,verified TDS,Preserve angle notation and RFQ fields
Multiaxial NCF,0/90 carbon NCF,technical-commercial,/products/carbon-fiber-multiaxial-ncf-fabric,/technical-center/carbon-fiber-multiaxial-ncf-rfq-checklist,document review required,Keep as RFQ architecture option
Multiaxial NCF,triaxial carbon fiber fabric,comparison,/products/carbon-fiber-multiaxial-ncf-fabric,/technical-center/biaxial-vs-triaxial-vs-quadriaxial-carbon-ncf,GSC discovery signal,Monitor comparison intent
Multiaxial NCF,quadriaxial carbon fiber fabric,comparison,/products/carbon-fiber-multiaxial-ncf-fabric,/technical-center/biaxial-vs-triaxial-vs-quadriaxial-carbon-ncf,GSC 3 impressions,Retain comparison coverage
Multiaxial NCF,carbon NCF for vacuum infusion,application,/products/carbon-fiber-multiaxial-ncf-fabric,/technical-center/carbon-fiber-fabric-for-vacuum-infusion,existing source-reviewed guide,Strengthen contextual link and real media
Multiaxial NCF,custom width multiaxial carbon fabric,transactional,/products/carbon-fiber-multiaxial-ncf-fabric,/technical-center/carbon-fiber-multiaxial-ncf-rfq-checklist,RFQ option,Require width roll and process details
3K laminate sheet,3K carbon fiber plate,transactional,/products/3k-carbon-fiber-laminate-sheet,/technical-center/carbon-fiber-plate-thickness-selection-guide,planned commercial term,Monitor without inventing demand
3K laminate sheet,3K carbon fiber sheet supplier,transactional,/products/3k-carbon-fiber-laminate-sheet,/technical-center/3k-carbon-fiber-plate-cnc-rfq-guide,planned commercial term,Use product page as sole commercial route
3K laminate sheet,carbon fiber laminate sheets,commercial,/products/3k-carbon-fiber-laminate-sheet,/technical-center/carbon-fiber-plate-thickness-selection-guide,GSC 2 impressions,Maintain natural synonym coverage
3K laminate sheet,cfrp sheets,commercial,/products/3k-carbon-fiber-laminate-sheet,/technical-center/carbon-fiber-plate-thickness-selection-guide,GSC 7 impressions,Keep laminate distinction visible
3K laminate sheet,matte 3K carbon fiber plate,transactional,/products/3k-carbon-fiber-laminate-sheet,/technical-center/matte-vs-glossy-3k-carbon-fiber-sheet,existing guide,Use real finish imagery when available
3K laminate sheet,glossy 3K carbon fiber sheet,transactional,/products/3k-carbon-fiber-laminate-sheet,/technical-center/matte-vs-glossy-3k-carbon-fiber-sheet,existing guide,Use real finish imagery when available
3K laminate sheet,custom thickness carbon fiber plate,transactional,/products/3k-carbon-fiber-laminate-sheet,/technical-center/carbon-fiber-plate-thickness-selection-guide,RFQ option,Request drawing tolerance and finish
3K laminate sheet,carbon fiber plate CNC cutting,transactional,/products/3k-carbon-fiber-laminate-sheet,/technical-center/3k-carbon-fiber-plate-cnc-rfq-guide,existing guide,Promote drawing-based RFQ
3K laminate sheet,carbon fiber plate drilling,transactional,/products/3k-carbon-fiber-laminate-sheet,/technical-center/3k-carbon-fiber-plate-cnc-rfq-guide,existing guide,Keep holes countersinks and edge fields
3K laminate sheet,3K laminate vs pultruded CFRP plate,comparison,/products/3k-carbon-fiber-laminate-sheet,/technical-center/cfrp-plate-vs-carbon-fiber-fabric-for-structural-strengthening,existing distinction,Prevent strengthening-page cannibalization
Yarn and Tow,carbon fiber tow,commercial,/products/carbon-fiber-yarn-and-tow,/technical-center/carbon-fiber-tow-size-guide-1k-50k,GSC 13 impressions,Add real spool video and monitor
Yarn and Tow,carbon fiber tow suppliers,transactional,/products/carbon-fiber-yarn-and-tow,/technical-center/carbon-fiber-tow-rfq-checklist,GSC 7 impressions,Keep supplier intent and evidence boundary
Yarn and Tow,carbon fiber yarn suppliers,transactional,/products/carbon-fiber-yarn-and-tow,/technical-center/carbon-fiber-yarn-vs-tow-vs-roving,GSC 2 impressions,Retain yarn synonym naturally
Yarn and Tow,1K carbon fiber tow,transactional,/products/carbon-fiber-yarn-and-tow,/technical-center/carbon-fiber-tow-size-guide-1k-50k,GSC 8 impressions,Keep as inquiry option without availability guarantee
Yarn and Tow,12K carbon fiber tow,transactional,/products/carbon-fiber-yarn-and-tow,/technical-center/carbon-fiber-tow-size-guide-1k-50k,verified 12K TDS,Lead with verified document
Yarn and Tow,24K carbon fiber tow,transactional,/products/carbon-fiber-yarn-and-tow,/technical-center/carbon-fiber-tow-size-guide-1k-50k,GSC 4 impressions,Keep as inquiry option without availability guarantee
Yarn and Tow,50K carbon fiber tow,transactional,/products/carbon-fiber-yarn-and-tow,/technical-center/carbon-fiber-tow-size-guide-1k-50k,GSC 9 combined impressions,Monitor variant spelling
Yarn and Tow,continuous carbon fiber tow,commercial,/products/carbon-fiber-yarn-and-tow,/technical-center/carbon-fiber-yarn-vs-tow-vs-roving,GSC 6 impressions,Use production-process context
Yarn and Tow,carbon fiber tow for weaving,application,/products/carbon-fiber-yarn-and-tow,/technical-center/carbon-fiber-tow-rfq-checklist,documented application,Use real weaving and spool media
Yarn and Tow,carbon fiber tow for pultrusion,application,/products/carbon-fiber-yarn-and-tow,/technical-center/carbon-fiber-tow-rfq-checklist,documented application,Request sizing package and end use
Strengthening UD fabric,UD carbon fiber fabric supplier,transactional,/products/carbon-fiber-ud-fabric,/technical-center/ud-carbon-fiber-fabric-vs-woven-carbon-fiber-fabric,planned commercial term,Keep generic UD intent on this page
Strengthening UD fabric,300gsm UD carbon fiber fabric,transactional,/products/carbon-fiber-ud-fabric,/technical-center/300gsm-ud-carbon-fiber-fabric-rfq-guide,verified TDS,Promote verified document and specification-first guide
Strengthening UD fabric,300gsm unidirectional carbon fiber fabric,transactional,/products/carbon-fiber-ud-fabric,/technical-center/300gsm-ud-carbon-fiber-fabric-rfq-guide,verified TDS,Use the full unidirectional synonym without creating a duplicate page
Strengthening UD fabric,100-500 mm UD carbon fabric,technical-commercial,/products/carbon-fiber-ud-fabric,/technical-center/300gsm-ud-carbon-fiber-fabric-rfq-guide,verified TDS width reference,Confirm selected usable width and tolerance by quotation
Strengthening UD fabric,0.167 mm UD carbon fabric,technical-commercial,/products/carbon-fiber-ud-fabric,/technical-center/300gsm-ud-carbon-fiber-fabric-rfq-guide,verified dry-fabric reference,State clearly that this is not cured laminate thickness
Strengthening UD fabric,T300 T700 UD carbon fabric,technical-commercial,/products/carbon-fiber-ud-fabric,/technical-center/300gsm-ud-carbon-fiber-fabric-rfq-guide,grade by order review,Require exact source grade sizing and order document
Strengthening UD fabric,200gsm UD carbon fiber fabric,transactional,/products/carbon-fiber-ud-fabric,/technical-center/cfrp-strengthening-material-rfq-checklist,RFQ option,Require matching order document
Strengthening UD fabric,600gsm UD carbon fiber fabric,transactional,/products/carbon-fiber-ud-fabric,/technical-center/cfrp-strengthening-material-rfq-checklist,RFQ option,Require matching order document
Strengthening UD fabric,carbon fiber fabric for concrete strengthening,application,/products/carbon-fiber-ud-fabric,/technical-center/cfrp-plate-vs-carbon-fiber-fabric-for-structural-strengthening,documented use,Keep engineering review language
Strengthening UD fabric,carbon fiber fabric for beam strengthening,application,/products/carbon-fiber-ud-fabric,/applications/structural-strengthening,documented use,Connect product application and RFQ
Strengthening UD fabric,carbon fiber fabric for column wrapping,application,/products/carbon-fiber-ud-fabric,/applications/structural-strengthening,documented use,Keep project-specific suitability review
Strengthening UD fabric,unidirectional carbon fiber roll,commercial,/products/carbon-fiber-ud-fabric,/technical-center/ud-carbon-fiber-fabric-vs-woven-carbon-fiber-fabric,planned synonym,Monitor without duplicate page
Strengthening UD fabric,UD carbon fabric vs woven fabric,comparison,/products/carbon-fiber-ud-fabric,/technical-center/ud-carbon-fiber-fabric-vs-woven-carbon-fiber-fabric,existing guide,Route informational intent to guide
Strengthening UD fabric,UD carbon fabric RFQ,transactional,/products/carbon-fiber-ud-fabric,/technical-center/300gsm-ud-carbon-fiber-fabric-rfq-guide,source-backed product guide,Require weight width backing grade resin roll quantity destination and final application
Strengthening UD fabric,300gsm UD fabric RFQ checklist,transactional,/products/carbon-fiber-ud-fabric,/technical-center/300gsm-ud-carbon-fiber-fabric-rfq-guide,source-backed product guide,Promote the guide after approved production release
Pultruded strengthening plate,pultruded CFRP plate,transactional,/products/structural-strengthening-system,/technical-center/cfrp-plate-vs-carbon-fiber-fabric-for-structural-strengthening,verified 1.2 mm TDS,Use strengthening route only
Pultruded strengthening plate,CFRP plate supplier,transactional,/products/structural-strengthening-system,/technical-center/cfrp-strengthening-material-rfq-checklist,GSC cfrp plate signal,Keep distinct from 3K appearance sheet
Pultruded strengthening plate,carbon fiber plate for concrete strengthening,application,/products/structural-strengthening-system,/applications/structural-strengthening,documented use,Keep qualified engineering review
Pultruded strengthening plate,CFRP laminate strip strengthening,application,/products/structural-strengthening-system,/technical-center/cfrp-plate-vs-carbon-fiber-fabric-for-structural-strengthening,documented form,Use pultruded strip terminology
Pultruded strengthening plate,1.2 mm CFRP strengthening plate,transactional,/products/structural-strengthening-system,/technical-center/cfrp-strengthening-material-rfq-checklist,verified TDS,Lead with verified document
Pultruded strengthening plate,CFRP plate vs carbon fabric,comparison,/products/structural-strengthening-system,/technical-center/cfrp-plate-vs-carbon-fiber-fabric-for-structural-strengthening,existing guide,Monitor early promising guide position
Pultruded strengthening plate,CFRP strengthening system supplier,transactional,/products/structural-strengthening-system,/technical-center/cfrp-strengthening-material-rfq-checklist,planned commercial term,Describe material supply not engineering approval
Pultruded strengthening plate,carbon plate adhesive system,technical-commercial,/products/structural-strengthening-system,/technical-center/cfrp-strengthening-material-rfq-checklist,project-specific confirmation,Do not assert compatibility without approval
Pultruded strengthening plate,CFRP plate width thickness length RFQ,transactional,/products/structural-strengthening-system,/technical-center/cfrp-strengthening-material-rfq-checklist,existing RFQ fields,Promote drawing and project specification
Pultruded strengthening plate,externally bonded CFRP plate,application,/products/structural-strengthening-system,/applications/structural-strengthening,documented use,Keep substrate and design responsibility visible
3K woven fabric,woven carbon fiber,commercial,/products/carbon-fiber-woven-fabric,/technical-center/3k-200gsm-carbon-fiber-fabric-selection-rfq-guide,GSC 54 impressions,Hold metadata through recrawl window
3K woven fabric,woven carbon fabrics,commercial,/products/carbon-fiber-woven-fabric,/technical-center/3k-200gsm-carbon-fiber-fabric-selection-rfq-guide,GSC 50 impressions,Hold metadata through recrawl window
3K woven fabric,carbon fiber woven fabric,commercial,/products/carbon-fiber-woven-fabric,/technical-center/plain-vs-twill-carbon-fiber-fabric,GSC 6 impressions,Maintain natural synonym coverage
3K woven fabric,3K carbon fiber woven fabric,transactional,/products/carbon-fiber-woven-fabric,/technical-center/3k-200gsm-carbon-fiber-fabric-selection-rfq-guide,GSC 4 impressions,Reinforce verified 3K 200gsm context
3K woven fabric,3K 200gsm twill carbon fiber fabric,transactional,/products/carbon-fiber-woven-fabric,/technical-center/3k-200gsm-carbon-fiber-fabric-selection-rfq-guide,verified TDS,Lead with verified document
3K woven fabric,plain weave carbon fiber fabric,comparison-commercial,/products/carbon-fiber-woven-fabric,/technical-center/plain-vs-twill-carbon-fiber-fabric,existing guide,Keep plain and twill on one commercial page
3K woven fabric,twill carbon fiber cloth supplier,transactional,/products/carbon-fiber-woven-fabric,/technical-center/plain-vs-twill-carbon-fiber-fabric,planned commercial term,Use cloth synonym naturally
3K woven fabric,3K vs 12K carbon fiber fabric,comparison,/products/carbon-fiber-woven-fabric,/technical-center/3k-vs-12k-carbon-fiber-fabric,existing guide,Route comparison intent to guide
3K woven fabric,carbon fiber fabric for vacuum infusion,application,/products/carbon-fiber-woven-fabric,/technical-center/carbon-fiber-fabric-for-vacuum-infusion,existing guide,Strengthen process-specific internal link
3K woven fabric,custom width 3K carbon fabric,transactional,/products/carbon-fiber-woven-fabric,/technical-center/3k-200gsm-carbon-fiber-fabric-selection-rfq-guide,RFQ option,Request weave weight width roll and quantity
